{"text": " Hello? No one is available to take your call. Please leave a message after the tone.", "segments": [{"id": 0, "seek": 0, "start": 0.0, "end": 5.04, "text": " Hello? No one is available to take your call. Please leave a message after the tone.", "tokens": [50364, 2425, 30, 883, 472, 307, 2435, 281, 747, 428, 818, 13, 2555, 1856, 257, 3636, 934, 264, 8027, 13, 50616], "temperature": 0.0, "avg_logprob": -0.22695146907459607, "compression_ratio": 1.037037037037037, "no_speech_prob": 0.028496861457824707}], "language": "English"}